ID,Category
1,DEMO
2,DEMO
3,DEMO
4,DEMO
5,DEMO
6,DEMO
7,DEMO
8,DEMO
9,DEMO
10,DEMO
11,DEMO
12,DEMO
13,DEMO
14,DEMO
15,DEMO
16,DEMO
17,DEMO
18,DEMO
19,DEMO
20,DEMO
21,DEMO
22,DEMO
23,DEMO
24,DEMO
25,DEMO
26,DEMO
27,DEMO
28,DEMO
29,DEMO
30,DEMO
31,DEMO
32,DEMO
33,DEMO
34,DEMO
35,DEMO
36,DEMO
37,DEMO
38,DEMO
39,DEMO
40,DEMO
41,DEMO
42,DEMO
43,DEMO
44,DEMO
45,DEMO
46,DEMO
47,DEMO
48,DEMO
49,DEMO
50,DEMO
51,DEMO
52,DEMO
53,DEMO
54,DEMO
55,DEMO
56,DEMO
57,DEMO
58,DEMO
59,DEMO
60,DEMO
61,DEMO
62,DEMO
63,DEMO
64,DEMO
65,DEMO
66,DEMO
67,DEMO
68,DEMO
69,DEMO
70,DEMO
71,DEMO
72,DEMO
73,DEMO
74,DEMO
75,DEMO
76,DEMO
77,DEMO
78,DEMO
79,DEMO
80,DEMO
81,DEMO
82,DEMO
83,DEMO
84,DEMO
85,DEMO
86,DEMO
87,DEMO
88,DEMO
89,DEMO
90,DEMO
91,DEMO
92,DEMO
93,DEMO
94,DEMO
95,DEMO
96,DEMO
97,DEMO
98,DEMO
99,DEMO
100,DEMO
101,DEMO
102,DEMO
103,DEMO
104,DEMO
105,DEMO
106,DEMO
107,DEMO
108,DEMO
109,DEMO
110,DEMO
111,DEMO
112,DEMO
113,DEMO
114,DEMO
115,DEMO
116,DEMO
117,DEMO
118,DEMO
119,DEMO
120,DEMO
121,DEMO
122,DEMO
123,DEMO
124,DEMO
125,DEMO
126,DEMO
127,DEMO
128,DEMO
129,DEMO
130,DEMO
131,DEMO
132,DEMO
133,DEMO
134,DEMO
135,DEMO
136,DEMO
137,DEMO
138,DEMO
139,DEMO
140,DEMO
141,DEMO
142,DEMO
143,DEMO
144,DEMO
145,DEMO
146,DEMO
147,DEMO
148,DEMO
149,DEMO
150,DEMO
151,DEMO
152,DEMO
153,DEMO
154,DEMO
155,DEMO
156,DEMO
157,DEMO
158,DEMO
159,DEMO
160,DEMO
161,DEMO
162,DEMO
163,DEMO
164,DEMO
165,DEMO
166,DEMO
167,DEMO
168,DEMO
169,DEMO
170,DEMO
171,DEMO
172,DEMO
173,DEMO
174,DEMO
175,DEMO
176,DEMO
177,DEMO
178,DEMO
179,DEMO
180,DEMO
181,DEMO
182,DEMO
183,DEMO
184,DEMO
185,DEMO
186,DEMO
187,DEMO
188,DEMO
189,DEMO
190,DEMO
191,DEMO
192,DEMO
193,DEMO
194,DEMO
195,DEMO
196,DEMO
197,DEMO
198,DEMO
199,DEMO
200,DEMO
201,DEMO
202,DEMO
203,DEMO
204,DEMO
205,DEMO
206,DEMO
207,DEMO
208,DEMO
209,DEMO
210,DEMO
211,DEMO
212,DEMO
213,DEMO
214,DEMO
215,DEMO
216,DEMO
217,DEMO
218,DEMO
219,DEMO
220,DEMO
221,DEMO
222,DEMO
223,DEMO
224,DEMO
225,DEMO
226,DEMO
227,DEMO
228,DEMO
229,DEMO
230,DEMO
231,DEMO
232,DEMO
233,DEMO
234,DEMO
235,DEMO
236,DEMO
237,DEMO
238,DEMO
239,DEMO
240,DEMO
241,DEMO
242,DEMO
243,DEMO
244,DEMO
245,DEMO
246,DEMO
247,DEMO
248,DEMO
249,DEMO
250,DEMO
251,DEMO
252,DEMO
253,DEMO
254,DEMO
255,DEMO
256,DEMO
257,DEMO
258,DEMO
259,DEMO
260,DEMO
261,DEMO
262,DEMO
263,DEMO
264,DEMO
265,DEMO
266,DEMO
267,DEMO
268,DEMO
269,DEMO
270,DEMO
271,DEMO
272,DEMO
273,DEMO
274,DEMO
275,DEMO
276,DEMO
277,DEMO
278,DEMO
279,DEMO
280,DEMO
281,DEMO
282,DEMO
283,DEMO
284,DEMO
285,DEMO
286,DEMO
287,DEMO
288,DEMO
289,DEMO
290,DEMO
291,DEMO
292,DEMO
293,DEMO
294,DEMO
295,DEMO
296,DEMO
297,DEMO
298,DEMO
299,DEMO
300,DEMO
301,DEMO
302,DEMO
303,DEMO
304,DEMO
305,DEMO
306,DEMO
307,DEMO
308,DEMO
309,DEMO
310,DEMO
311,DEMO
312,DEMO
313,DEMO
314,DEMO
315,DEMO
316,DEMO
317,DEMO
318,DEMO
319,DEMO
320,DEMO
321,DEMO
322,DEMO
323,DEMO
324,DEMO
325,DEMO
326,DEMO
327,DEMO
328,DEMO
329,DEMO
330,DEMO
331,DEMO
332,DEMO
333,DEMO
334,DEMO
335,DEMO
336,DEMO
337,DEMO
338,DEMO
339,DEMO
340,DEMO
341,DEMO
342,DEMO
343,DEMO
344,DEMO
345,DEMO
346,DEMO
347,DEMO
348,DEMO
349,DEMO
350,DEMO
351,DEMO
352,DEMO
353,DEMO
354,DEMO
355,DEMO
356,DEMO
357,DEMO
358,DEMO
359,DEMO
360,DEMO
361,DEMO
362,DEMO
363,DEMO
364,DEMO
365,DEMO
366,DEMO
367,DEMO
368,DEMO
369,DEMO
370,DEMO
371,DEMO
372,DEMO
373,DEMO
374,DEMO
375,DEMO
376,DEMO
377,DEMO
378,DEMO
379,DEMO
380,DEMO
381,DEMO
382,DEMO
383,DEMO
384,DEMO
385,DEMO
386,DEMO
387,DEMO
388,DEMO
389,DEMO
390,DEMO
391,DEMO
392,DEMO
393,DEMO
394,DEMO
395,DEMO
396,DEMO
397,DEMO
398,DEMO
399,DEMO
400,DEMO
401,DEMO
402,DEMO
403,DEMO
404,DEMO
405,DEMO
406,DEMO
407,DEMO
408,DEMO
409,DEMO
410,DEMO
411,DEMO
412,DEMO
413,DEMO
414,DEMO
415,DEMO
416,DEMO
417,DEMO
418,DEMO
419,DEMO
420,DEMO
421,DEMO
422,DEMO
423,DEMO
424,DEMO
425,DEMO
426,DEMO
427,DEMO
428,DEMO
429,DEMO
430,DEMO
431,DEMO
432,DEMO
433,DEMO
434,DEMO
435,DEMO
436,DEMO
437,DEMO
438,DEMO
439,DEMO
440,DEMO
441,DEMO
442,DEMO
443,DEMO
444,DEMO
445,DEMO
446,DEMO
447,DEMO
448,DEMO
449,DEMO
450,DEMO
451,DEMO
452,DEMO
453,DEMO
454,DEMO
455,DEMO
456,DEMO
457,DEMO
458,DEMO
459,DEMO
460,DEMO
461,DEMO
462,DEMO
463,DEMO
464,DEMO
465,DEMO
466,DEMO
467,DEMO
468,DEMO
469,DEMO
470,DEMO
471,DEMO
472,DEMO
473,DEMO
474,DEMO
475,DEMO
476,DEMO
477,DEMO
478,DEMO
479,DEMO
480,DEMO
481,DEMO
482,DEMO
483,DEMO
484,DEMO
485,DEMO
486,DEMO
487,DEMO
488,DEMO
489,DEMO
490,DEMO
491,DEMO
492,DEMO
493,DEMO
494,DEMO
495,DEMO
496,DEMO
497,DEMO
498,DEMO
499,DEMO
500,DEMO
501,DEMO
502,DEMO
503,DEMO
504,DEMO
505,DEMO
506,DEMO
507,DEMO
508,DEMO
509,DEMO
510,DEMO
511,DEMO
512,DEMO
513,DEMO
514,DEMO
515,DEMO
516,DEMO
517,DEMO
518,DEMO
519,DEMO
520,DEMO
521,DEMO
522,DEMO
523,DEMO
524,DEMO
525,DEMO
526,DEMO
527,DEMO
528,DEMO
529,DEMO
530,DEMO
531,DEMO
532,DEMO
533,DEMO
534,DEMO
535,DEMO
536,DEMO
537,DEMO
538,DEMO
539,DEMO
540,DEMO
541,DEMO
542,DEMO
543,DEMO
544,DEMO
545,DEMO
546,DEMO
547,DEMO
548,DEMO
549,DEMO
550,DEMO
551,DEMO
552,DEMO
553,DEMO
554,DEMO
555,DEMO
556,DEMO
557,DEMO
558,DEMO
559,DEMO
560,DEMO
561,DEMO
562,DEMO
563,DEMO
564,DEMO
565,DEMO
566,DEMO
567,DEMO
568,DEMO
569,DEMO
570,DEMO
571,DEMO
572,DEMO
573,DEMO
574,DEMO
575,DEMO
576,DEMO
577,DEMO
578,DEMO
579,DEMO
580,DEMO
581,DEMO
582,DEMO
583,DEMO
584,DEMO
585,DEMO
586,DEMO
587,DEMO
588,DEMO
589,DEMO
590,DEMO
591,DEMO
592,DEMO
593,DEMO
594,DEMO
595,DEMO
596,DEMO
597,DEMO
598,DEMO
599,DEMO
600,DEMO
601,DEMO
602,DEMO
603,DEMO
604,DEMO
605,DEMO
606,DEMO
607,DEMO
608,DEMO
609,DEMO
610,DEMO
611,DEMO
612,DEMO
613,DEMO
614,DEMO
615,DEMO
616,DEMO
617,DEMO
618,DEMO
619,DEMO
620,DEMO
621,DEMO
622,DEMO
623,DEMO
624,DEMO
625,DEMO
626,DEMO
627,DEMO
628,DEMO
629,DEMO
630,DEMO
631,DEMO
632,DEMO
633,DEMO
634,DEMO
635,DEMO
636,DEMO
637,DEMO
638,DEMO
639,DEMO
640,DEMO
641,DEMO
642,DEMO
643,DEMO
644,DEMO
645,DEMO
646,DEMO
647,DEMO
648,DEMO
649,DEMO
650,DEMO
651,DEMO
652,DEMO
653,DEMO
654,DEMO
655,DEMO
656,DEMO
657,DEMO
658,DEMO
659,DEMO
660,DEMO
661,DEMO
662,DEMO
663,DEMO
664,DEMO
665,DEMO
666,DEMO
667,DEMO
668,DEMO
669,DEMO
670,DEMO
671,DEMO
672,DEMO
673,DEMO
674,DEMO
675,DEMO
676,DEMO
677,DEMO
678,DEMO
679,DEMO
680,DEMO
681,DEMO
682,DEMO
683,DEMO
684,DEMO
685,DEMO
686,DEMO
687,DEMO
688,DEMO
689,DEMO
690,DEMO
691,DEMO
692,DEMO
693,DEMO
694,DEMO
695,DEMO
696,DEMO
697,DEMO
698,DEMO
699,DEMO
700,DEMO
701,DEMO
702,DEMO
703,DEMO
704,DEMO
705,DEMO
706,DEMO
707,DEMO
708,DEMO
709,DEMO
710,DEMO
711,DEMO
712,DEMO
713,DEMO
714,DEMO
715,DEMO
716,DEMO
717,DEMO
718,DEMO
719,DEMO
720,DEMO
721,DEMO
722,DEMO
723,DEMO
724,DEMO
725,DEMO
726,DEMO
727,DEMO
728,DEMO
729,DEMO
730,DEMO
731,DEMO
732,DEMO
733,DEMO
734,DEMO
735,DEMO
736,DEMO
737,DEMO
738,DEMO
739,DEMO
740,DEMO
741,DEMO
742,DEMO
743,DEMO
744,DEMO
745,DEMO
746,DEMO
747,DEMO
748,DEMO
749,DEMO
750,DEMO
751,DEMO
752,DEMO
753,DEMO
754,DEMO
755,DEMO
756,DEMO
757,DEMO
758,DEMO
759,DEMO
760,DEMO
761,DEMO
762,DEMO
763,DEMO
764,DEMO
765,DEMO
766,DEMO
767,DEMO
768,DEMO
769,DEMO
770,DEMO
771,DEMO
772,DEMO
773,DEMO
774,DEMO
775,DEMO
776,DEMO
777,DEMO
778,DEMO
779,DEMO
780,DEMO
781,DEMO
782,DEMO
783,DEMO
784,DEMO
785,DEMO
786,DEMO
787,DEMO
788,DEMO
789,DEMO
790,DEMO
791,DEMO
792,DEMO
793,DEMO
794,DEMO
795,DEMO
796,DEMO
797,DEMO
798,DEMO
799,DEMO
800,DEMO
801,DEMO
802,DEMO
803,DEMO
804,DEMO
805,DEMO
806,DEMO
807,DEMO
808,DEMO
809,DEMO
810,DEMO
811,DEMO
812,DEMO
813,DEMO
814,DEMO
815,DEMO
816,DEMO
817,DEMO
818,DEMO
819,DEMO
820,DEMO
821,DEMO
822,DEMO
823,DEMO
824,DEMO
825,DEMO
826,DEMO
827,DEMO
828,DEMO
829,DEMO
830,DEMO
831,DEMO
832,DEMO
833,DEMO
834,DEMO
835,DEMO
836,DEMO
837,DEMO
838,DEMO
839,DEMO
840,DEMO
841,DEMO
842,DEMO
843,DEMO
844,DEMO
845,DEMO
846,DEMO
847,DEMO
848,DEMO
849,DEMO
850,DEMO
851,DEMO
852,DEMO
853,DEMO
854,DEMO
855,DEMO
856,DEMO
857,DEMO
858,DEMO
859,DEMO
860,DEMO
861,DEMO
862,DEMO
863,DEMO
864,DEMO
865,DEMO
866,DEMO
867,DEMO
868,DEMO
869,DEMO
870,DEMO
871,DEMO
872,DEMO
873,DEMO
874,DEMO
875,DEMO
876,DEMO
877,DEMO
878,DEMO
879,DEMO
880,DEMO
881,DEMO
882,DEMO
883,DEMO
884,DEMO
885,DEMO
886,DEMO
887,DEMO
888,DEMO
889,DEMO
890,DEMO
891,DEMO
892,DEMO
893,DEMO
894,DEMO
895,DEMO
896,DEMO
897,DEMO
898,DEMO
899,DEMO
900,DEMO
901,DEMO
902,DEMO
903,DEMO
904,DEMO
905,DEMO
906,DEMO
907,DEMO
908,DEMO
909,DEMO
910,DEMO
911,DEMO
912,DEMO
913,DEMO
914,DEMO
915,DEMO
916,DEMO
917,DEMO
918,DEMO
919,DEMO
920,DEMO
921,DEMO
922,DEMO
923,DEMO
924,DEMO
925,DEMO
926,DEMO
927,DEMO
928,DEMO
929,DEMO
930,DEMO
931,DEMO
932,DEMO
933,DEMO
934,DEMO
935,DEMO
936,DEMO
937,DEMO
938,DEMO
939,DEMO
940,DEMO
941,DEMO
942,DEMO
943,DEMO
944,DEMO
945,DEMO
946,DEMO
947,DEMO
948,DEMO
949,DEMO
950,DEMO
951,DEMO
952,DEMO
953,DEMO
954,DEMO
955,DEMO
956,DEMO
957,DEMO
958,DEMO
959,DEMO
960,DEMO
961,DEMO
962,DEMO
963,DEMO
964,DEMO
965,DEMO
966,DEMO
967,DEMO
968,DEMO
969,DEMO
970,DEMO
971,DEMO
972,DEMO
973,DEMO
974,DEMO
975,DEMO
976,DEMO
977,DEMO
978,DEMO
979,DEMO
980,DEMO
981,DEMO
982,DEMO
983,DEMO
984,DEMO
985,DEMO
986,DEMO
987,DEMO
988,DEMO
989,DEMO
990,DEMO
991,DEMO
992,DEMO
993,DEMO
994,DEMO
995,DEMO
996,DEMO
997,DEMO
998,DEMO
999,DEMO
1000,DEMO
1001,DEMO
1002,DEMO
1003,DEMO
1004,DEMO
1005,DEMO
1006,DEMO
1007,DEMO
1008,DEMO
1009,DEMO
1010,DEMO
1011,DEMO
1012,DEMO
1013,DEMO
1014,DEMO
1015,DEMO
1016,DEMO
1017,DEMO
1018,DEMO
1019,DEMO
1020,DEMO
1021,DEMO
1022,DEMO
1023,DEMO
1024,DEMO
1025,DEMO
1026,DEMO
1027,DEMO
1028,DEMO
1029,DEMO
1030,DEMO
1031,DEMO
1032,DEMO
1033,DEMO
1034,DEMO
1035,DEMO
1036,DEMO
1037,DEMO
1038,DEMO
1039,DEMO
1040,DEMO
1041,DEMO
1042,DEMO
1043,DEMO
1044,DEMO
1045,DEMO
1046,DEMO
1047,DEMO
1048,DEMO
1049,DEMO
1050,DEMO
1051,DEMO
1052,DEMO
1053,DEMO
1054,DEMO
1055,DEMO
1056,DEMO
1057,DEMO
1058,DEMO
1059,DEMO
1060,DEMO
1061,DEMO
1062,DEMO
1063,DEMO
1064,DEMO
1065,DEMO
1066,DEMO
1067,DEMO
1068,DEMO
1069,DEMO
1070,DEMO
1071,DEMO
1072,DEMO
1073,DEMO
1074,DEMO
1075,DEMO
1076,DEMO
1077,DEMO
1078,DEMO
1079,DEMO
1080,DEMO
1081,DEMO
1082,DEMO
1083,DEMO
1084,DEMO
1085,DEMO
1086,DEMO
1087,DEMO
1088,DEMO
1089,DEMO
1090,DEMO
1091,DEMO
1092,DEMO
1093,DEMO
1094,DEMO
1095,DEMO
1096,DEMO
1097,DEMO
1098,DEMO
1099,DEMO
1100,DEMO
1101,DEMO
1102,DEMO
1103,DEMO
1104,DEMO
1105,DEMO
1106,DEMO
1107,DEMO
1108,DEMO
1109,DEMO
1110,DEMO
1111,DEMO
1112,DEMO
1113,DEMO
1114,DEMO
1115,DEMO
1116,DEMO
1117,DEMO
1118,DEMO
1119,DEMO
1120,DEMO
1121,DEMO
1122,DEMO
1123,DEMO
1124,DEMO
1125,DEMO
1126,DEMO
1127,DEMO
1128,DEMO
1129,DEMO
1130,DEMO
1131,DEMO
1132,DEMO
1133,DEMO
1134,DEMO
1135,DEMO
1136,DEMO
1137,DEMO
1138,DEMO
1139,DEMO
1140,DEMO
1141,DEMO
1142,DEMO
1143,DEMO
1144,DEMO
1145,DEMO
1146,DEMO
1147,DEMO
1148,DEMO
1149,DEMO
1150,DEMO
1151,DEMO
1152,DEMO
1153,DEMO
1154,DEMO
1155,DEMO
1156,DEMO
1157,DEMO
1158,DEMO
1159,DEMO
1160,DEMO
1161,DEMO
1162,DEMO
1163,DEMO
1164,DEMO
1165,DEMO
1166,DEMO
1167,DEMO
1168,DEMO
1169,DEMO
1170,DEMO
1171,DEMO
1172,DEMO
1173,DEMO
1174,DEMO
1175,DEMO
1176,DEMO
1177,DEMO
1178,DEMO
1179,DEMO
1180,DEMO
1181,DEMO
1182,DEMO
1183,DEMO
1184,DEMO
1185,DEMO
1186,DEMO
1187,DEMO
1188,DEMO
1189,DEMO
1190,DEMO
1191,DEMO
1192,DEMO
1193,DEMO
1194,DEMO
1195,DEMO
1196,DEMO
1197,DEMO
1198,DEMO
1199,DEMO
1200,DEMO
1201,DEMO
1202,DEMO
1203,DEMO
1204,DEMO
1205,DEMO
1206,DEMO
1207,DEMO
1208,DEMO
1209,DEMO
1210,DEMO
1211,DEMO
1212,DEMO
1213,DEMO
1214,DEMO
1215,DEMO
1216,DEMO
1217,DEMO
1218,DEMO
1219,DEMO
1220,DEMO
1221,DEMO
1222,DEMO
1223,DEMO
1224,DEMO
1225,DEMO
1226,DEMO
1227,DEMO
1228,DEMO
1229,DEMO
1230,DEMO
1231,DEMO
1232,DEMO
1233,DEMO
1234,DEMO
1235,DEMO
1236,DEMO
1237,DEMO
1238,DEMO
1239,DEMO
1240,DEMO
1241,DEMO
1242,DEMO
1243,DEMO
1244,DEMO
1245,DEMO
1246,DEMO
1247,DEMO
1248,DEMO
1249,DEMO
1250,DEMO
1251,DEMO
1252,DEMO
1253,DEMO
1254,DEMO
1255,DEMO
1256,DEMO
1257,DEMO
1258,DEMO
1259,DEMO
1260,DEMO
1261,DEMO
1262,DEMO
1263,DEMO
1264,DEMO
1265,DEMO
1266,DEMO
1267,DEMO
1268,DEMO
1269,DEMO
1270,DEMO
1271,DEMO
1272,DEMO
1273,DEMO
1274,DEMO
1275,DEMO
1276,DEMO
1277,DEMO
1278,DEMO
1279,DEMO
1280,DEMO
1281,DEMO
1282,DEMO
1283,DEMO
1284,DEMO
1285,DEMO
1286,DEMO
1287,DEMO
1288,DEMO
1289,DEMO
1290,DEMO
1291,DEMO
1292,DEMO
1293,DEMO
1294,DEMO
1295,DEMO
1296,DEMO
1297,DEMO
1298,DEMO
1299,DEMO
1300,DEMO
1301,DEMO
1302,DEMO
1303,DEMO
1304,DEMO
1305,DEMO
1306,DEMO
1307,DEMO
1308,DEMO
1309,DEMO
1310,DEMO
1311,DEMO
1312,DEMO
1313,DEMO
1314,DEMO
1315,DEMO
1316,DEMO
1317,DEMO
1318,DEMO
1319,DEMO
1320,DEMO
1321,DEMO
1322,DEMO
1323,DEMO
1324,DEMO
1325,DEMO
1326,DEMO
1327,DEMO
1328,DEMO
1329,DEMO
1330,DEMO
1331,DEMO
1332,DEMO
1333,DEMO
1334,DEMO
1335,DEMO
1336,DEMO
1337,DEMO
1338,DEMO
1339,DEMO
1340,DEMO
1341,DEMO
1342,DEMO
1343,DEMO
1344,DEMO
1345,DEMO
1346,DEMO
1347,DEMO
1348,DEMO
1349,DEMO
1350,DEMO
1351,DEMO
1352,DEMO
1353,DEMO
1354,DEMO
1355,DEMO
1356,DEMO
1357,DEMO
1358,DEMO
1359,DEMO
1360,DEMO
1361,DEMO
1362,DEMO
1363,DEMO
1364,DEMO
1365,DEMO
1366,DEMO
1367,DEMO
1368,DEMO
1369,DEMO
1370,DEMO
1371,DEMO
1372,DEMO
1373,DEMO
1374,DEMO
1375,DEMO
1376,DEMO
1377,DEMO
1378,DEMO
1379,DEMO
1380,DEMO
1381,DEMO
1382,DEMO
1383,DEMO
1384,DEMO
1385,DEMO
1386,DEMO
1387,DEMO
1388,DEMO
1389,DEMO
1390,DEMO
1391,DEMO
1392,DEMO
1393,DEMO
1394,DEMO
1395,DEMO
1396,DEMO
1397,DEMO
1398,DEMO
1399,DEMO
1400,DEMO
1401,DEMO
1402,DEMO
1403,DEMO
1404,DEMO
1405,DEMO
1406,DEMO
1407,DEMO
1408,DEMO
1409,DEMO
1410,DEMO
1411,DEMO
1412,DEMO
1413,DEMO
1414,DEMO
1415,DEMO
1416,DEMO
1417,DEMO
1418,DEMO
1419,DEMO
1420,DEMO
1421,DEMO
1422,DEMO
1423,DEMO
1424,DEMO
1425,DEMO
1426,DEMO
1427,DEMO
1428,DEMO
1429,DEMO
1430,DEMO
1431,DEMO
1432,DEMO
1433,DEMO
1434,DEMO
1435,DEMO
1436,DEMO
1437,DEMO
1438,DEMO
1439,DEMO
1440,DEMO
1441,DEMO
1442,DEMO
1443,DEMO
1444,DEMO
1445,DEMO
1446,DEMO
1447,DEMO
1448,DEMO
1449,DEMO
1450,DEMO
1451,DEMO
1452,DEMO
1453,DEMO
1454,DEMO
1455,DEMO
1456,DEMO
1457,DEMO
1458,DEMO
1459,DEMO
1460,DEMO
1461,DEMO
1462,DEMO
1463,DEMO
1464,DEMO
1465,DEMO
1466,DEMO
1467,DEMO
1468,DEMO
1469,DEMO
1470,DEMO
1471,DEMO
1472,DEMO
1473,DEMO
1474,DEMO
1475,DEMO
1476,DEMO
1477,DEMO
1478,DEMO
1479,DEMO
1480,DEMO
1481,DEMO
1482,DEMO
1483,DEMO
1484,DEMO
1485,DEMO
1486,DEMO
1487,DEMO
1488,DEMO
1489,DEMO
1490,DEMO
1491,DEMO
1492,DEMO
1493,DEMO
1494,DEMO
1495,DEMO
1496,DEMO
1497,DEMO
1498,DEMO
1499,DEMO
1500,DEMO
1501,DEMO
1502,DEMO
1503,DEMO
1504,DEMO
1505,DEMO
1506,DEMO
1507,DEMO
1508,DEMO
1509,DEMO
1510,DEMO
1511,DEMO
1512,DEMO
1513,DEMO
1514,DEMO
1515,DEMO
1516,DEMO
1517,DEMO
1518,DEMO
1519,DEMO
1520,DEMO
1521,DEMO
1522,DEMO
1523,DEMO
1524,DEMO
1525,DEMO
1526,DEMO
1527,DEMO
1528,DEMO
1529,DEMO
1530,DEMO
1531,DEMO
1532,DEMO
1533,DEMO
1534,DEMO
1535,DEMO
1536,DEMO
1537,DEMO
1538,DEMO
1539,DEMO
1540,DEMO
1541,DEMO
1542,DEMO
1543,DEMO
1544,DEMO
1545,DEMO
1546,DEMO
1547,DEMO
1548,DEMO
1549,DEMO
1550,DEMO
1551,DEMO
1552,DEMO
1553,DEMO
1554,DEMO
1555,DEMO
1556,DEMO
1557,DEMO
1558,DEMO
1559,DEMO
1560,DEMO
1561,DEMO
1562,DEMO
1563,DEMO
1564,DEMO
1565,DEMO
1566,DEMO
1567,DEMO
1568,DEMO
1569,DEMO
1570,DEMO
1571,DEMO
1572,DEMO
1573,DEMO
1574,DEMO
1575,DEMO
1576,DEMO
1577,DEMO
1578,DEMO
1579,DEMO
1580,DEMO
1581,DEMO
1582,DEMO
1583,DEMO
1584,DEMO
1585,DEMO
1586,DEMO
1587,DEMO
1588,DEMO
1589,DEMO
1590,DEMO
1591,DEMO
1592,DEMO
1593,DEMO
1594,DEMO
1595,DEMO
1596,DEMO
1597,DEMO
1598,DEMO
1599,DEMO
1600,DEMO
1601,DEMO
1602,DEMO
1603,DEMO
1604,DEMO
1605,DEMO
1606,DEMO
1607,DEMO
1608,DEMO
1609,DEMO
1610,DEMO
1611,DEMO
1612,DEMO
1613,DEMO
1614,DEMO
1615,DEMO
1616,DEMO
1617,DEMO
1618,DEMO
1619,DEMO
1620,DEMO
1621,DEMO
1622,DEMO
1623,DEMO
1624,DEMO
1625,DEMO
1626,DEMO
1627,DEMO
1628,DEMO
1629,DEMO
1630,DEMO
1631,DEMO
1632,DEMO
1633,DEMO
1634,DEMO
1635,DEMO
1636,DEMO
1637,DEMO
1638,DEMO
1639,DEMO
1640,DEMO
1641,DEMO
1642,DEMO
1643,DEMO
1644,DEMO
1645,DEMO
1646,DEMO
1647,DEMO
1648,DEMO
1649,DEMO
1650,DEMO
1651,DEMO
1652,DEMO
1653,DEMO
1654,DEMO
1655,DEMO
1656,DEMO
1657,DEMO
1658,DEMO
1659,DEMO
1660,DEMO
1661,DEMO
1662,DEMO
1663,DEMO
1664,DEMO
1665,DEMO
1666,DEMO
1667,DEMO
1668,DEMO
1669,DEMO
1670,DEMO
1671,DEMO
1672,DEMO
1673,DEMO
1674,DEMO
1675,DEMO
1676,DEMO
1677,DEMO
1678,DEMO
1679,DEMO
1680,DEMO
1681,DEMO
1682,DEMO
1683,DEMO
1684,DEMO
1685,DEMO
1686,DEMO
1687,DEMO
1688,DEMO
1689,DEMO
1690,DEMO
1691,DEMO
1692,DEMO
1693,DEMO
1694,DEMO
1695,DEMO
1696,DEMO
1697,DEMO
1698,DEMO
1699,DEMO
1700,DEMO
1701,DEMO
1702,DEMO
1703,DEMO
1704,DEMO
1705,DEMO
1706,DEMO
1707,DEMO
1708,DEMO
1709,DEMO
1710,DEMO
1711,DEMO
1712,DEMO
1713,DEMO
1714,DEMO
1715,DEMO
1716,DEMO
1717,DEMO
1718,DEMO
1719,DEMO
1720,DEMO
1721,DEMO
1722,DEMO
1723,DEMO
1724,DEMO
1725,DEMO
1726,DEMO
1727,DEMO
1728,DEMO
1729,DEMO
1730,DEMO
1731,DEMO
1732,DEMO
1733,DEMO
1734,DEMO
1735,DEMO
1736,DEMO
1737,DEMO
1738,DEMO
1739,DEMO
1740,DEMO
1741,DEMO
1742,DEMO
1743,DEMO
1744,DEMO
1745,DEMO
1746,DEMO
1747,DEMO
1748,DEMO
1749,DEMO
1750,DEMO
1751,DEMO
1752,DEMO
1753,DEMO
1754,DEMO
1755,DEMO
1756,DEMO
1757,DEMO
1758,DEMO
1759,DEMO
1760,DEMO
1761,DEMO
1762,DEMO
1763,DEMO
1764,DEMO
1765,DEMO
1766,DEMO
1767,DEMO
1768,DEMO
1769,DEMO
1770,DEMO
1771,DEMO
1772,DEMO
1773,DEMO
1774,DEMO
1775,DEMO
1776,DEMO
1777,DEMO
1778,DEMO
1779,DEMO
1780,DEMO
1781,DEMO
1782,DEMO
1783,DEMO
1784,DEMO
1785,DEMO
1786,DEMO
1787,DEMO
1788,DEMO
1789,DEMO
1790,DEMO
1791,DEMO
1792,DEMO
1793,DEMO
1794,DEMO
1795,DEMO
1796,DEMO
1797,DEMO
1798,DEMO
1799,DEMO
1800,DEMO
1801,DEMO
1802,DEMO
1803,DEMO
1804,DEMO
1805,DEMO
1806,DEMO
1807,DEMO
1808,DEMO
1809,DEMO
1810,DEMO
1811,DEMO
1812,DEMO
1813,DEMO
1814,DEMO
1815,DEMO
1816,DEMO
1817,DEMO
1818,DEMO
1819,DEMO
1820,DEMO
1821,DEMO
1822,DEMO
1823,DEMO
1824,DEMO
1825,DEMO
1826,DEMO
1827,DEMO
1828,DEMO
1829,DEMO
1830,DEMO
1831,DEMO
1832,DEMO
1833,DEMO
1834,DEMO
1835,DEMO
1836,DEMO
1837,DEMO
1838,DEMO
1839,DEMO
1840,DEMO
1841,DEMO
1842,DEMO
1843,DEMO
1844,DEMO
1845,DEMO
1846,DEMO
1847,DEMO
1848,DEMO
1849,DEMO
1850,DEMO
1851,DEMO
1852,DEMO
1853,DEMO
1854,DEMO
1855,DEMO
1856,DEMO
1857,DEMO
1858,DEMO
1859,DEMO
1860,DEMO
1861,DEMO
1862,DEMO
1863,DEMO
1864,DEMO
1865,DEMO
1866,DEMO
1867,DEMO
1868,DEMO
1869,DEMO
1870,DEMO
1871,DEMO
1872,DEMO
1873,DEMO
1874,DEMO
1875,DEMO
1876,DEMO
1877,DEMO
1878,DEMO
1879,DEMO
1880,DEMO
1881,DEMO
1882,DEMO
1883,DEMO
1884,DEMO
1885,DEMO
1886,DEMO
1887,DEMO
1888,DEMO
1889,DEMO
1890,DEMO
1891,DEMO
1892,DEMO
1893,DEMO
1894,DEMO
1895,DEMO
1896,DEMO
1897,DEMO
1898,DEMO
1899,DEMO
1900,DEMO
1901,DEMO
1902,DEMO
1903,DEMO
1904,DEMO
1905,DEMO
1906,DEMO
1907,DEMO
1908,DEMO
1909,DEMO
1910,DEMO
1911,DEMO
1912,DEMO
1913,DEMO
1914,DEMO
1915,DEMO
1916,DEMO
1917,DEMO
1918,DEMO
1919,DEMO
1920,DEMO
1921,DEMO
1922,DEMO
1923,DEMO
1924,DEMO
1925,DEMO
1926,DEMO
1927,DEMO
1928,DEMO
1929,DEMO
1930,DEMO
1931,DEMO
1932,DEMO
1933,DEMO
1934,DEMO
1935,DEMO
1936,DEMO
1937,DEMO
1938,DEMO
1939,DEMO
1940,DEMO
1941,DEMO
1942,DEMO
1943,DEMO
1944,DEMO
1945,DEMO
1946,DEMO
1947,DEMO
1948,DEMO
1949,DEMO
1950,DEMO
1951,DEMO
1952,DEMO
1953,DEMO
1954,DEMO
1955,DEMO
1956,DEMO
1957,DEMO
1958,DEMO
1959,DEMO
1960,DEMO
1961,DEMO
1962,DEMO
1963,DEMO
1964,DEMO
1965,DEMO
1966,DEMO
1967,DEMO
1968,DEMO
1969,DEMO
1970,DEMO
1971,DEMO
1972,DEMO
1973,DEMO
1974,DEMO
1975,DEMO
1976,DEMO
1977,DEMO
1978,DEMO
1979,DEMO
1980,DEMO
1981,DEMO
1982,DEMO
1983,DEMO
1984,DEMO
1985,DEMO
1986,DEMO
1987,DEMO
1988,DEMO
1989,DEMO
1990,DEMO
1991,DEMO
1992,DEMO
1993,DEMO
1994,DEMO
1995,DEMO
1996,DEMO
1997,DEMO
1998,DEMO
1999,DEMO
2000,DEMO
2001,DEMO
2002,DEMO
2003,DEMO
2004,DEMO
2005,DEMO
2006,DEMO
2007,DEMO
2008,DEMO
2009,DEMO
2010,DEMO
2011,DEMO
2012,DEMO
2013,DEMO
2014,DEMO
2015,DEMO
2016,DEMO
2017,DEMO
2018,DEMO
2019,DEMO
2020,DEMO
2021,DEMO
2022,DEMO
2023,DEMO
2024,DEMO
2025,DEMO
2026,DEMO
2027,DEMO
2028,DEMO
2029,DEMO
2030,DEMO
2031,DEMO
2032,DEMO
2033,DEMO
2034,DEMO
2035,DEMO
2036,DEMO
2037,DEMO
2038,DEMO
2039,DEMO
2040,DEMO
2041,DEMO
2042,DEMO
2043,DEMO
2044,DEMO
2045,DEMO
2046,DEMO
2047,DEMO
2048,DEMO
2049,DEMO
2050,DEMO
2051,DEMO
2052,DEMO
2053,DEMO
2054,DEMO
2055,DEMO
2056,DEMO
2057,DEMO
2058,DEMO
2059,DEMO
2060,DEMO
2061,DEMO
2062,DEMO
2063,DEMO
2064,DEMO
2065,DEMO
2066,DEMO
2067,DEMO
2068,DEMO
2069,DEMO
2070,DEMO
2071,DEMO
2072,DEMO
2073,DEMO
2074,DEMO
2075,DEMO
2076,DEMO
2077,DEMO
2078,DEMO
2079,DEMO
2080,DEMO
2081,DEMO
2082,DEMO
2083,DEMO
2084,DEMO
2085,DEMO
2086,DEMO
2087,DEMO
2088,DEMO
2089,DEMO
2090,DEMO
2091,DEMO
2092,DEMO
2093,DEMO
2094,DEMO
2095,DEMO
2096,DEMO
2097,DEMO
2098,DEMO
2099,DEMO
2100,DEMO
2101,DEMO
2102,DEMO
2103,DEMO
2104,DEMO
2105,DEMO
2106,DEMO
2107,DEMO
2108,DEMO
2109,DEMO
2110,DEMO
2111,DEMO
2112,DEMO
2113,DEMO
2114,DEMO
2115,DEMO
2116,DEMO
2117,DEMO
2118,DEMO
2119,DEMO
2120,DEMO
2121,DEMO
2122,DEMO
2123,DEMO
2124,DEMO
2125,DEMO
2126,DEMO
2127,DEMO
2128,DEMO
2129,DEMO
2130,DEMO
2131,DEMO
2132,DEMO
2133,DEMO
2134,DEMO
2135,DEMO
2136,DEMO
2137,DEMO
2138,DEMO
2139,DEMO
2140,DEMO
2141,DEMO
2142,DEMO
2143,DEMO
2144,DEMO
2145,DEMO
2146,DEMO
2147,DEMO
2148,DEMO
2149,DEMO
2150,DEMO
2151,DEMO
2152,DEMO
2153,DEMO
2154,DEMO
2155,DEMO
2156,DEMO
2157,DEMO
2158,DEMO
2159,DEMO
2160,DEMO
2161,DEMO
2162,DEMO
2163,DEMO
2164,DEMO
2165,DEMO
2166,DEMO
2167,DEMO
2168,DEMO
2169,DEMO
2170,DEMO
2171,DEMO
2172,DEMO
2173,DEMO
2174,DEMO
2175,DEMO
2176,DEMO
2177,DEMO
2178,DEMO
2179,DEMO
2180,DEMO
2181,DEMO
2182,DEMO
2183,DEMO
2184,DEMO
2185,DEMO
2186,DEMO
2187,DEMO
2188,DEMO
2189,DEMO
2190,DEMO
2191,DEMO
2192,DEMO
2193,DEMO
2194,DEMO
2195,DEMO
2196,DEMO
2197,DEMO
2198,DEMO
2199,DEMO
2200,DEMO
2201,DEMO
2202,DEMO
2203,DEMO
2204,DEMO
2205,DEMO
2206,DEMO
2207,DEMO
2208,DEMO
2209,DEMO
2210,DEMO
2211,DEMO
2212,DEMO
2213,DEMO
2214,DEMO
2215,DEMO
2216,DEMO
2217,DEMO
2218,DEMO
2219,DEMO
2220,DEMO
2221,DEMO
2222,DEMO
2223,DEMO
2224,DEMO
2225,DEMO
2226,DEMO
2227,DEMO
2228,DEMO
2229,DEMO
2230,DEMO
2231,DEMO
2232,DEMO
2233,DEMO
2234,DEMO
2235,DEMO
2236,DEMO
2237,DEMO
2238,DEMO
2239,DEMO
2240,DEMO
2241,DEMO
2242,DEMO
2243,DEMO
2244,DEMO
2245,DEMO
2246,DEMO
2247,DEMO
2248,DEMO
2249,DEMO
2250,DEMO
2251,DEMO
2252,DEMO
2253,DEMO
2254,DEMO
2255,DEMO
2256,DEMO
2257,DEMO
2258,DEMO
2259,DEMO
2260,DEMO
2261,DEMO
2262,DEMO
2263,DEMO
2264,DEMO
2265,DEMO
2266,DEMO
2267,DEMO
2268,DEMO
2269,DEMO
2270,DEMO
2271,DEMO
2272,DEMO
2273,DEMO
2274,DEMO
2275,DEMO
2276,DEMO
2277,DEMO
2278,DEMO
2279,DEMO
2280,DEMO
2281,DEMO
2282,DEMO
2283,DEMO
2284,DEMO
2285,DEMO
2286,DEMO
2287,DEMO
2288,DEMO
2289,DEMO
2290,DEMO
2291,DEMO
2292,DEMO
2293,DEMO
2294,DEMO
2295,DEMO
2296,DEMO
2297,DEMO
2298,DEMO
2299,DEMO
2300,DEMO
2301,DEMO
2302,DEMO
2303,DEMO
2304,DEMO
2305,DEMO
2306,DEMO
2307,DEMO
2308,DEMO
2309,DEMO
2310,DEMO
2311,DEMO
2312,DEMO
2313,DEMO
2314,DEMO
2315,DEMO
2316,DEMO
2317,DEMO
2318,DEMO
2319,DEMO
2320,DEMO
2321,DEMO
2322,DEMO
2323,DEMO
2324,DEMO
2325,DEMO
2326,DEMO
2327,DEMO
2328,DEMO
2329,DEMO
2330,DEMO
2331,DEMO
2332,DEMO
2333,DEMO
2334,DEMO
2335,DEMO
2336,DEMO
2337,DEMO
2338,DEMO
2339,DEMO
2340,DEMO
2341,DEMO
2342,DEMO
2343,DEMO
2344,DEMO
2345,DEMO
2346,DEMO
2347,DEMO
2348,DEMO
2349,DEMO
2350,DEMO
2351,DEMO
2352,DEMO
2353,DEMO
2354,DEMO
2355,DEMO
2356,DEMO
2357,DEMO
2358,DEMO
2359,DEMO
2360,DEMO
2361,DEMO
2362,DEMO
2363,DEMO
2364,DEMO
2365,DEMO
2366,DEMO
2367,DEMO
2368,DEMO
2369,DEMO
2370,DEMO
2371,DEMO
2372,DEMO
2373,DEMO
2374,DEMO
2375,DEMO
2376,DEMO
2377,DEMO
2378,DEMO
2379,DEMO
2380,DEMO
2381,DEMO
2382,DEMO
2383,DEMO
2384,DEMO
2385,DEMO
2386,DEMO
2387,DEMO
2388,DEMO
2389,DEMO
2390,DEMO
2391,DEMO
2392,DEMO
2393,DEMO
2394,DEMO
2395,DEMO
2396,DEMO
2397,DEMO
2398,DEMO
2399,DEMO
2400,DEMO
2401,DEMO
2402,DEMO
2403,DEMO
2404,DEMO
2405,DEMO
2406,DEMO
2407,DEMO
2408,DEMO
2409,DEMO
2410,DEMO
2411,DEMO
2412,DEMO
2413,DEMO
2414,DEMO
2415,DEMO
2416,DEMO
2417,DEMO
2418,DEMO
2419,DEMO
2420,DEMO
2421,DEMO
2422,DEMO
2423,DEMO
2424,DEMO
2425,DEMO
2426,DEMO
2427,DEMO
2428,DEMO
2429,DEMO
2430,DEMO
2431,DEMO
2432,DEMO
2433,DEMO
2434,DEMO
2435,DEMO
2436,DEMO
2437,DEMO
2438,DEMO
2439,DEMO
2440,DEMO
2441,DEMO
2442,DEMO
2443,DEMO
2444,DEMO
2445,DEMO
2446,DEMO
2447,DEMO
2448,DEMO
2449,DEMO
2450,DEMO
2451,DEMO
2452,DEMO
2453,DEMO
2454,DEMO
2455,DEMO
2456,DEMO
2457,DEMO
2458,DEMO
2459,DEMO
2460,DEMO
2461,DEMO
2462,DEMO
2463,DEMO
2464,DEMO
2465,DEMO
2466,DEMO
2467,DEMO
2468,DEMO
2469,DEMO
2470,DEMO
2471,DEMO
2472,DEMO
2473,DEMO
2474,DEMO
2475,DEMO
2476,DEMO
2477,DEMO
2478,DEMO
2479,DEMO
2480,DEMO
2481,DEMO
2482,DEMO
2483,DEMO
2484,DEMO
2485,DEMO
2486,DEMO
2487,DEMO
2488,DEMO
2489,DEMO
2490,DEMO
2491,DEMO
2492,DEMO
2493,DEMO
2494,DEMO
2495,DEMO
2496,DEMO
2497,DEMO
2498,DEMO
2499,DEMO
2500,DEMO
2501,DEMO
2502,DEMO
2503,DEMO
2504,DEMO
2505,DEMO
2506,DEMO
2507,DEMO
2508,DEMO
2509,DEMO
2510,DEMO
2511,DEMO
2512,DEMO
2513,DEMO
2514,DEMO
2515,DEMO
2516,DEMO
2517,DEMO
2518,DEMO
2519,DEMO
2520,DEMO
2521,DEMO
2522,DEMO
2523,DEMO
2524,DEMO
2525,DEMO
2526,DEMO
2527,DEMO
2528,DEMO
2529,DEMO
2530,DEMO
2531,DEMO
2532,DEMO
2533,DEMO
2534,DEMO
2535,DEMO
2536,DEMO
2537,DEMO
2538,DEMO
2539,DEMO
2540,DEMO
2541,DEMO
2542,DEMO
2543,DEMO
2544,DEMO
2545,DEMO
2546,DEMO
2547,DEMO
2548,DEMO
2549,DEMO
2550,DEMO
2551,DEMO
2552,DEMO
2553,DEMO
2554,DEMO
2555,DEMO
2556,DEMO
2557,DEMO
2558,DEMO
2559,DEMO
2560,DEMO
2561,DEMO
2562,DEMO
2563,DEMO
2564,DEMO
2565,DEMO
2566,DEMO
2567,DEMO
2568,DEMO
2569,DEMO
2570,DEMO
2571,DEMO
2572,DEMO
2573,DEMO
2574,DEMO
2575,DEMO
2576,DEMO
2577,DEMO
2578,DEMO
2579,DEMO
2580,DEMO
2581,DEMO
2582,DEMO
2583,DEMO
2584,DEMO
2585,DEMO
2586,DEMO
2587,DEMO
2588,DEMO
2589,DEMO
2590,DEMO
2591,DEMO
2592,DEMO
2593,DEMO
2594,DEMO
2595,DEMO
2596,DEMO
2597,DEMO
2598,DEMO
2599,DEMO
2600,DEMO
2601,DEMO
2602,DEMO
2603,DEMO
2604,DEMO
2605,DEMO
2606,DEMO
2607,DEMO
2608,DEMO
2609,DEMO
2610,DEMO
2611,DEMO
2612,DEMO
2613,DEMO
2614,DEMO
2615,DEMO
2616,DEMO
2617,DEMO
2618,DEMO
2619,DEMO
2620,DEMO
2621,DEMO
2622,DEMO
2623,DEMO
2624,DEMO
2625,DEMO
2626,DEMO
2627,DEMO
2628,DEMO
2629,DEMO
2630,DEMO
2631,DEMO
2632,DEMO
2633,DEMO
2634,DEMO
2635,DEMO
2636,DEMO
2637,DEMO
2638,DEMO
2639,DEMO
2640,DEMO
2641,DEMO
2642,DEMO
2643,DEMO
2644,DEMO
2645,DEMO
2646,DEMO
2647,DEMO
2648,DEMO
2649,DEMO
2650,DEMO
2651,DEMO
2652,DEMO
2653,DEMO
2654,DEMO
2655,DEMO
2656,DEMO
2657,DEMO
2658,DEMO
2659,DEMO
2660,DEMO
2661,DEMO
2662,DEMO
2663,DEMO
2664,DEMO
2665,DEMO
2666,DEMO
2667,DEMO
2668,DEMO
2669,DEMO
2670,DEMO
2671,DEMO
2672,DEMO
2673,DEMO
2674,DEMO
2675,DEMO
2676,DEMO
2677,DEMO
2678,DEMO
2679,DEMO
2680,DEMO
2681,DEMO
2682,DEMO
2683,DEMO
2684,DEMO
2685,DEMO
2686,DEMO
2687,DEMO
2688,DEMO
2689,DEMO
2690,DEMO
2691,DEMO
2692,DEMO
2693,DEMO
2694,DEMO
2695,DEMO
2696,DEMO
2697,DEMO
2698,DEMO
2699,DEMO
2700,DEMO
2701,DEMO
2702,DEMO
2703,DEMO
2704,DEMO
2705,DEMO
2706,DEMO
2707,DEMO
2708,DEMO
2709,DEMO
2710,DEMO
2711,DEMO
2712,DEMO
2713,DEMO
2714,DEMO
2715,DEMO
2716,DEMO
2717,DEMO
2718,DEMO
2719,DEMO
2720,DEMO
2721,DEMO
2722,DEMO
2723,DEMO
2724,DEMO
2725,DEMO
2726,DEMO
2727,DEMO
2728,DEMO
2729,DEMO
2730,DEMO
2731,DEMO
2732,DEMO
2733,DEMO
2734,DEMO
2735,DEMO
2736,DEMO
2737,DEMO
2738,DEMO
2739,DEMO
2740,DEMO
2741,DEMO
2742,DEMO
2743,DEMO
2744,DEMO
2745,DEMO
2746,DEMO
2747,DEMO
2748,DEMO
2749,DEMO
2750,DEMO
2751,DEMO
2752,DEMO
2753,DEMO
2754,DEMO
2755,DEMO
2756,DEMO
2757,DEMO
2758,DEMO
2759,DEMO
2760,DEMO
2761,DEMO
2762,DEMO
2763,DEMO
2764,DEMO
2765,DEMO
2766,DEMO
2767,DEMO
2768,DEMO
2769,DEMO
2770,DEMO
2771,DEMO
2772,DEMO
2773,DEMO
2774,DEMO
2775,DEMO
2776,DEMO
2777,DEMO
2778,DEMO
2779,DEMO
2780,DEMO
2781,DEMO
2782,DEMO
2783,DEMO
2784,DEMO
2785,DEMO
2786,DEMO
2787,DEMO
2788,DEMO
2789,DEMO
2790,DEMO
2791,DEMO
2792,DEMO
2793,DEMO
2794,DEMO
2795,DEMO
2796,DEMO
2797,DEMO
2798,DEMO
2799,DEMO
2800,DEMO
2801,DEMO
2802,DEMO
2803,DEMO
2804,DEMO
2805,DEMO
2806,DEMO
2807,DEMO
2808,DEMO
2809,DEMO
2810,DEMO
2811,DEMO
2812,DEMO
2813,DEMO
2814,DEMO
2815,DEMO
2816,DEMO
2817,DEMO
2818,DEMO
2819,DEMO
2820,DEMO
2821,DEMO
2822,DEMO
2823,DEMO
2824,DEMO
2825,DEMO
2826,DEMO
2827,DEMO
2828,DEMO
2829,DEMO
2830,DEMO
2831,DEMO
2832,DEMO
2833,DEMO
2834,DEMO
2835,DEMO
2836,DEMO
2837,DEMO
2838,DEMO
2839,DEMO
2840,DEMO
2841,DEMO
2842,DEMO
2843,DEMO
2844,DEMO
2845,DEMO
2846,DEMO
2847,DEMO
2848,DEMO
2849,DEMO
2850,DEMO
2851,DEMO
2852,DEMO
2853,DEMO
2854,DEMO
2855,DEMO
2856,DEMO
2857,DEMO
2858,DEMO
2859,DEMO
2860,DEMO
2861,DEMO
2862,DEMO
2863,DEMO
2864,DEMO
2865,DEMO
2866,DEMO
2867,DEMO
2868,DEMO
2869,DEMO
2870,DEMO
2871,DEMO
2872,DEMO
2873,DEMO
2874,DEMO
2875,DEMO
2876,DEMO
2877,DEMO
2878,DEMO
2879,DEMO
2880,DEMO
2881,DEMO
2882,DEMO
2883,DEMO
2884,DEMO
2885,DEMO
2886,DEMO
2887,DEMO
2888,DEMO
2889,DEMO
2890,DEMO
2891,DEMO
2892,DEMO
2893,DEMO
2894,DEMO
2895,DEMO
2896,DEMO
2897,DEMO
2898,DEMO
2899,DEMO
2900,DEMO
2901,DEMO
2902,DEMO
2903,DEMO
2904,DEMO
2905,DEMO
2906,DEMO
2907,DEMO
2908,DEMO
2909,DEMO
2910,DEMO
2911,DEMO
2912,DEMO
2913,DEMO
2914,DEMO
2915,DEMO
2916,DEMO
2917,DEMO
2918,DEMO
2919,DEMO
2920,DEMO
2921,DEMO
2922,DEMO
2923,DEMO
2924,DEMO
2925,DEMO
2926,DEMO
2927,DEMO
2928,DEMO
2929,DEMO
2930,DEMO
2931,DEMO
2932,DEMO
2933,DEMO
2934,DEMO
2935,DEMO
2936,DEMO
2937,DEMO
2938,DEMO
2939,DEMO
2940,DEMO
2941,DEMO
2942,DEMO
2943,DEMO
2944,DEMO
2945,DEMO
2946,DEMO
2947,DEMO
2948,DEMO
2949,DEMO
2950,DEMO
2951,DEMO
2952,DEMO
2953,DEMO
2954,DEMO
2955,DEMO
2956,DEMO
2957,DEMO
2958,DEMO
2959,DEMO
2960,DEMO
2961,DEMO
2962,DEMO
2963,DEMO
2964,DEMO
2965,DEMO
2966,DEMO
2967,DEMO
2968,DEMO
2969,DEMO
2970,DEMO
2971,DEMO
2972,DEMO
2973,DEMO
2974,DEMO
2975,DEMO
2976,DEMO
2977,DEMO
2978,DEMO
2979,DEMO
2980,DEMO
2981,DEMO
2982,DEMO
2983,DEMO
2984,DEMO
2985,DEMO
2986,DEMO
2987,DEMO
2988,DEMO
2989,DEMO
2990,DEMO
2991,DEMO
2992,DEMO
2993,DEMO
2994,DEMO
2995,DEMO
2996,DEMO
2997,DEMO
2998,DEMO
2999,DEMO
3000,DEMO
